iter	RMSE
0	0.3443214579
1	0.3068011418
2	0.2788420802
3	0.2507489292
4	0.2273166256
5	0.2079799052
6	0.1904185605
7	0.1770760151
8	0.1647304516
9	0.1557560016
10	0.1473812148
11	0.1392658516
12	0.1317604405
13	0.1248789406
14	0.1198190823
15	0.1144516856
16	0.1099492746
17	0.1063287378
18	0.1021795089
19	0.09842733726
